{
  "0.1": {
    "marg_cov": 0.9200757575757575,
    "marg_cov_lo": 0.6363636363636364,
    "marg_cov_hi": 1.0,
    "mond_cov": 0.9010606060606059,
    "mond_size": 1.8172972972972972,
    "mean_m": 11.46
  },
  "0.2": {
    "marg_cov": 0.7207575757575759,
    "marg_cov_lo": 0.3888257575757576,
    "marg_cov_hi": 1.0,
    "mond_cov": 0.8340151515151516,
    "mond_size": 1.6372972972972974,
    "mean_m": 11.46
  }
}