{
  "dataset": "ICC",
  "method": "cvplus",
  "minority": 1,
  "levels": {
    "0.05": {
      "target": 0.95,
      "marg_overall": 0.9762162162162162,
      "mond_overall": 0.9772972972972973,
      "marg_minority": 0.99875,
      "mond_minority": 0.9920833333333333
    },
    "0.1": {
      "target": 0.9,
      "marg_overall": 0.945,
      "mond_overall": 0.9468918918918919,
      "marg_minority": 0.9683333333333334,
      "mond_minority": 0.9704166666666667
    },
    "0.2": {
      "target": 0.8,
      "marg_overall": 0.8478378378378378,
      "mond_overall": 0.8527027027027027,
      "marg_minority": 0.7820833333333334,
      "mond_minority": 0.8675
    }
  }
}