{
  "data_shape": [
    183,
    1008
  ],
  "n_events_poor": 57,
  "config": {
    "repeats": 10,
    "outer": 10,
    "inner": 5,
    "grid": {
      "select__k": [
        10,
        20,
        30
      ],
      "clf__C": [
        0.01,
        0.1,
        1.0
      ]
    },
    "k_naive": 30,
    "master_seed": 20260625
  },
  "honest_nested_cv": {
    "n": 100,
    "mean": 0.47264102564102567,
    "std": 0.12903866266486513,
    "p2.5": 0.221875,
    "p97.5": 0.7572916666666665,
    "min": 0.1388888888888889,
    "max": 0.8,
    "auc_nb_se": 0.044906772990703475,
    "brier": 0.2636710976779132,
    "ece": 0.2249088681791711,
    "sensitivity": 0.29233333333333333,
    "specificity": 0.6755128205128206
  },
  "leaky_selection_cv": {
    "n": 100,
    "mean": 0.47183547008547,
    "std": 0.1486262576959821,
    "p2.5": 0.206650641025641,
    "p97.5": 0.7867521367521366,
    "min": 0.16666666666666666,
    "max": 0.8615384615384616
  },
  "naive_single_split": {
    "n": 300,
    "mean": 0.45833075335397316,
    "std": 0.07052284317188137,
    "p2.5": 0.32109133126934986,
    "p97.5": 0.5928792569659443,
    "min": 0.2755417956656347,
    "max": 0.6749226006191951
  },
  "test_set_selected_single_split": {
    "n": 300,
    "mean": 0.5397755417956656,
    "std": 0.06253078615449462,
    "p2.5": 0.42407120743034055,
    "p97.5": 0.6682275541795664,
    "min": 0.36532507739938086,
    "max": 0.7182662538699691
  },
  "gap_leaky_minus_honest": -0.0008055555555556704,
  "gap_singlemean_minus_honest": -0.014310272287052506,
  "gap_cherrypicked_minus_honest": 0.2022815749781694,
  "gap_testselected_minus_honest": 0.06713451615463989,
  "random_label_check": {
    "n": 50,
    "mean": 0.5552435897435898,
    "std": 0.1208130670927892,
    "p2.5": 0.34903846153846146,
    "p97.5": 0.7782692307692308,
    "min": 0.3194444444444444,
    "max": 0.875,
    "auc_nb_se": 0.04374552760992044,
    "brier": 0.2499770962537124,
    "ece": 0.2377312277993174,
    "sensitivity": 0.44199999999999995,
    "specificity": 0.630897435897436
  },
  "runtime_sec": 93.0
}