{
  "dataset": "ICC",
  "n": 183,
  "events": 57,
  "d": 1008,
  "model": "SelectKBest(k=20)+LogReg(balanced,C=0.1), 10-fold CV",
  "observed_auc": 0.5024358974358973,
  "n_permutations": 1000,
  "pvalue": 0.5354645354645354,
  "null_mean": 0.5040510256410257,
  "null_std": 0.06988663767733211,
  "null_p2.5": 0.36255929487179483,
  "null_p97.5": 0.6361052350427349,
  "null_scores": [
    0.56842,
    0.52611,
    0.44103,
    0.63393,
    0.45703,
    0.52295,
    0.55701,
    0.45761,
    0.65248,
    0.53955,
    0.60192,
    0.44611,
    0.5478,
    0.37376,
    0.50165,
    0.60821,
    0.49893,
    0.56141,
    0.4231,
    0.51857,
    0.47549,
    0.47904,
    0.50923,
    0.43038,
    0.48707,
    0.47147,
    0.5428,
    0.57976,
    0.45406,
    0.50891,
    0.54077,
    0.51536,
    0.48092,
    0.54077,
    0.58109,
    0.43079,
    0.61085,
    0.52026,
    0.61797,
    0.46861,
    0.4422,
    0.46491,
    0.52874,
    0.46541,
    0.41562,
    0.39808,
    0.45261,
    0.50094,
    0.55194,
    0.47338,
    0.54994,
    0.39673,
    0.5559,
    0.53361,
    0.40024,
    0.4516,
    0.49276,
    0.44801,
    0.44889,
    0.55365,
    0.48051,
    0.38417,
    0.40669,
    0.5565,
    0.3915,
    0.35444,
    0.42829,
    0.57036,
    0.4066,
    0.42714,
    0.40838,
    0.49216,
    0.51393,
    0.49056,
    0.38618,
    0.50906,
    0.5337,
    0.51132,
    0.39821,
    0.52346,
    0.5634,
    0.54622,
    0.45024,
    0.62568,
    0.69141,
    0.6025,
    0.50953,
    0.56491,
    0.49929,
    0.49825,
    0.4988,
    0.60376,
    0.5778,
    0.67186,
    0.51887,
    0.42293,
    0.5215,
    0.41882,
    0.54184,
    0.41859,
    0.47536,
    0.49318,
    0.49216,
    0.43748,
    0.44224,
    0.48393,
    0.43209,
    0.60083,
    0.4944,
    0.45677,
    0.55677,
    0.63934,
    0.47333,
    0.55118,
    0.54316,
    0.44481,
    0.4647,
    0.39942,
    0.55788,
    0.49962,
    0.46432,
    0.46331,
    0.55222,
    0.46835,
    0.48536,
    0.3306,
    0.5581,
    0.5513,
    0.58083,
    0.63823,
    0.52605,
    0.43639,
    0.45141,
    0.51596,
    0.42686,
    0.54024,
    0.52748,
    0.60801,
    0.51936,
    0.39654,
    0.4885,
    0.52637,
    0.66575,
    0.56015,
    0.57412,
    0.36256,
    0.54353,
    0.45541,
    0.57442,
    0.51876,
    0.46376,
    0.37677,
    0.53237,
    0.53682,
    0.53917,
    0.49737,
    0.4313,
    0.43656,
    0.47109,
    0.36637,
    0.56731,
    0.42323,
    0.41613,
    0.56684,
    0.34801,
    0.54731,
    0.58585,
    0.59827,
    0.43021,
    0.54733,
    0.53596,
    0.54656,
    0.56637,
    0.42246,
    0.52615,
    0.55184,
    0.47765,
    0.57729,
    0.51571,
    0.46451,
    0.47498,
    0.61374,
    0.50688,
    0.5828,
    0.53613,
    0.51109,
    0.52957,
    0.59314,
    0.58774,
    0.50635,
    0.50891,
    0.4713,
    0.51295,
    0.48301,
    0.52788,
    0.52707,
    0.53177,
    0.38643,
    0.56635,
    0.44179,
    0.53085,
    0.47551,
    0.45124,
    0.53778,
    0.63468,
    0.5225,
    0.50519,
    0.47767,
    0.52224,
    0.58491,
    0.38865,
    0.36303,
    0.37235,
    0.50145,
    0.41521,
    0.50498,
    0.54167,
    0.47701,
    0.53038,
    0.53226,
    0.53705,
    0.42075,
    0.40113,
    0.47953,
    0.42857,
    0.50944,
    0.38771,
    0.521,
    0.47487,
    0.45158,
    0.46438,
    0.26346,
    0.51201,
    0.62128,
    0.48562,
    0.59611,
    0.51645,
    0.46382,
    0.58408,
    0.51021,
    0.61645,
    0.48263,
    0.54876,
    0.45047,
    0.52301,
    0.45878,
    0.52017,
    0.51818,
    0.33553,
    0.55256,
    0.48838,
    0.57259,
    0.40479,
    0.45314,
    0.46047,
    0.44763,
    0.42917,
    0.5185,
    0.47214,
    0.56214,
    0.50609,
    0.49735,
    0.50085,
    0.57139,
    0.55517,
    0.57778,
    0.44571,
    0.57303,
    0.55915,
    0.5656,
    0.46432,
    0.49996,
    0.56318,
    0.63047,
    0.66622,
    0.52286,
    0.58902,
    0.48246,
    0.43878,
    0.52605,
    0.43312,
    0.54436,
    0.4781,
    0.44641,
    0.47605,
    0.45177,
    0.42968,
    0.49553,
    0.43669,
    0.50632,
    0.61618,
    0.39197,
    0.534,
    0.4962,
    0.50545,
    0.51438,
    0.52838,
    0.55729,
    0.6547,
    0.55686,
    0.31647,
    0.55596,
    0.55791,
    0.57145,
    0.36679,
    0.55113,
    0.47043,
    0.59423,
    0.46746,
    0.51126,
    0.59137,
    0.41105,
    0.45624,
    0.54278,
    0.49224,
    0.49776,
    0.53735,
    0.53549,
    0.43335,
    0.54543,
    0.64355,
    0.56002,
    0.61028,
    0.50306,
    0.58541,
    0.41237,
    0.50769,
    0.4166,
    0.54143,
    0.49194,
    0.46297,
    0.56778,
    0.42316,
    0.47577,
    0.5409,
    0.47271,
    0.4713,
    0.5691,
    0.40442,
    0.58346,
    0.58566,
    0.62959,
    0.60731,
    0.63671,
    0.53784,
    0.2888,
    0.58641,
    0.47855,
    0.37878,
    0.50378,
    0.57222,
    0.49632,
    0.57207,
    0.51643,
    0.5253,
    0.37483,
    0.52558,
    0.62256,
    0.48549,
    0.61436,
    0.49021,
    0.50641,
    0.45675,
    0.44083,
    0.30893,
    0.57145,
    0.50825,
    0.36224,
    0.48423,
    0.4934,
    0.33754,
    0.55165,
    0.59876,
    0.46953,
    0.53348,
    0.52665,
    0.56803,
    0.48654,
    0.5365,
    0.50957,
    0.55299,
    0.48303,
    0.51083,
    0.56769,
    0.5285,
    0.56293,
    0.5437,
    0.5313,
    0.55081,
    0.5165,
    0.55329,
    0.60357,
    0.48188,
    0.56882,
    0.41412,
    0.38763,
    0.47611,
    0.47692,
    0.43498,
    0.4444,
    0.49026,
    0.55021,
    0.56244,
    0.51327,
    0.55825,
    0.63746,
    0.40596,
    0.36436,
    0.35267,
    0.52746,
    0.58872,
    0.42618,
    0.444,
    0.41419,
    0.53675,
    0.49103,
    0.53652,
    0.48389,
    0.53297,
    0.61786,
    0.46778,
    0.39791,
    0.33177,
    0.52212,
    0.43346,
    0.46835,
    0.57167,
    0.6285,
    0.54,
    0.51838,
    0.38481,
    0.45532,
    0.5478,
    0.43944,
    0.46068,
    0.56827,
    0.55628,
    0.39075,
    0.40079,
    0.56207,
    0.53393,
    0.4597,
    0.62592,
    0.38408,
    0.52553,
    0.38237,
    0.54239,
    0.57417,
    0.51985,
    0.50872,
    0.42389,
    0.49269,
    0.45402,
    0.541,
    0.58506,
    0.54291,
    0.53966,
    0.40962,
    0.53778,
    0.31152,
    0.48771,
    0.51746,
    0.54205,
    0.49318,
    0.54382,
    0.42968,
    0.60265,
    0.60205,
    0.45536,
    0.48769,
    0.64408,
    0.52966,
    0.5756,
    0.47391,
    0.46316,
    0.54026,
    0.51524,
    0.50036,
    0.52233,
    0.48427,
    0.60291,
    0.43066,
    0.61639,
    0.50912,
    0.55429,
    0.50754,
    0.50043,
    0.53389,
    0.52233,
    0.47506,
    0.30085,
    0.52635,
    0.39239,
    0.4662,
    0.43489,
    0.54331,
    0.39519,
    0.48814,
    0.46754,
    0.50442,
    0.48056,
    0.65139,
    0.4762,
    0.55917,
    0.60374,
    0.5472,
    0.58763,
    0.58716,
    0.5588,
    0.56462,
    0.56092,
    0.4047,
    0.45895,
    0.46132,
    0.55791,
    0.65735,
    0.60784,
    0.4669,
    0.61036,
    0.52716,
    0.48972,
    0.46135,
    0.38015,
    0.5462,
    0.38737,
    0.45944,
    0.55179,
    0.50744,
    0.44429,
    0.36917,
    0.31419,
    0.54,
    0.55015,
    0.36985,
    0.48579,
    0.50252,
    0.51897,
    0.45701,
    0.54782,
    0.46915,
    0.46752,
    0.53603,
    0.54528,
    0.55203,
    0.51656,
    0.48254,
    0.52455,
    0.53444,
    0.45128,
    0.5256,
    0.64438,
    0.57607,
    0.44194,
    0.56214,
    0.42203,
    0.57558,
    0.50103,
    0.55985,
    0.52712,
    0.52464,
    0.46959,
    0.44073,
    0.39041,
    0.55205,
    0.54709,
    0.45908,
    0.58761,
    0.59047,
    0.50857,
    0.46077,
    0.34588,
    0.38201,
    0.47179,
    0.52998,
    0.36462,
    0.48327,
    0.51278,
    0.29122,
    0.54173,
    0.60921,
    0.64222,
    0.36598,
    0.53863,
    0.65043,
    0.58254,
    0.46573,
    0.45009,
    0.35049,
    0.60853,
    0.39987,
